{
 "versionID": 12,
 "score": 665,
 "rating": "{1: 387, 2: 121, 3: 9}",
 "time": 0.448902,
 "time_all_attempts": 131.535353,
 "finished_attempts": 10000,
 "pcSize": "2x16",
 "inputMap_Name": "31x31_100Percent_InputMap.txt",
 "tdMap": [
  [
   0,
   0,
   0,
   0,
   0,
   0,
   0,
   0,
   0,
   0,
   0,
   0,
   0,
   0,
   0,
   0,
   0,
   0,
   0,
   0,
   0,
   0,
   0,
   0,
   0,
   0,
   0,
   0,
   0,
   0,
   0
  ],
  [
   0,
   0,
   0,
   0,
   0,
   0,
   0,
   0,
   0,
   0,
   0,
   1,
   1,
   1,
   1,
   1,
   1,
   1,
   1,
   1,
   1,
   0,
   0,
   0,
   0,
   0,
   0,
   0,
   0,
   0,
   0
  ],
  [
   0,
   0,
   0,
   0,
   0,
   0,
   0,
   0,
   0,
   1,
   1,
   1,
   1,
   1,
   1,
   1,
   1,
   1,
   1,
   1,
   1,
   1,
   1,
   0,
   0,
   0,
   0,
   0,
   0,
   0,
   0
  ],
  [
   0,
   0,
   0,
   0,
   0,
   0,
   0,
   1,
   1,
   1,
   1,
   1,
   1,
   1,
   1,
   1,
   1,
   1,
   1,
   1,
   1,
   1,
   1,
   0,
   0,
   0,
   0,
   0,
   0,
   0,
   0
  ],
  [
   0,
   0,
   0,
   0,
   0,
   1,
   1,
   1,
   1,
   1,
   1,
   1,
   1,
   1,
   1,
   1,
   1,
   1,
   1,
   1,
   1,
   1,
   1,
   1,
   1,
   0,
   0,
   0,
   0,
   0,
   0
  ],
  [
   0,
   0,
   0,
   0,
   0,
   1,
   1,
   1,
   1,
   1,
   1,
   1,
   1,
   1,
   1,
   1,
   1,
   1,
   1,
   1,
   1,
   1,
   1,
   1,
   1,
   0,
   0,
   0,
   0,
   0,
   0
  ],
  [
   0,
   0,
   0,
   0,
   0,
   1,
   1,
   1,
   1,
   1,
   1,
   1,
   1,
   1,
   1,
   1,
   1,
   1,
   1,
   1,
   1,
   1,
   1,
   1,
   1,
   0,
   0,
   0,
   0,
   0,
   0
  ],
  [
   0,
   0,
   0,
   1,
   1,
   1,
   1,
   1,
   1,
   1,
   1,
   1,
   1,
   1,
   1,
   1,
   1,
   1,
   1,
   1,
   1,
   1,
   1,
   1,
   1,
   1,
   1,
   0,
   0,
   0,
   0
  ],
  [
   0,
   0,
   0,
   1,
   1,
   1,
   1,
   1,
   1,
   1,
   1,
   1,
   1,
   1,
   1,
   1,
   1,
   1,
   1,
   1,
   1,
   1,
   1,
   1,
   1,
   1,
   2,
   1,
   0,
   0,
   0
  ],
  [
   0,
   0,
   0,
   1,
   1,
   1,
   1,
   1,
   1,
   1,
   1,
   1,
   1,
   1,
   1,
   1,
   1,
   1,
   1,
   1,
   1,
   1,
   1,
   1,
   1,
   1,
   2,
   1,
   0,
   0,
   0
  ],
  [
   0,
   0,
   0,
   1,
   1,
   1,
   1,
   1,
   1,
   1,
   1,
   1,
   1,
   1,
   1,
   1,
   1,
   1,
   1,
   1,
   1,
   1,
   1,
   1,
   1,
   1,
   2,
   1,
   0,
   0,
   0
  ],
  [
   0,
   0,
   0,
   1,
   1,
   2,
   2,
   1,
   1,
   1,
   1,
   1,
   1,
   1,
   1,
   1,
   1,
   1,
   1,
   1,
   1,
   1,
   1,
   2,
   3,
   2,
   2,
   1,
   0,
   0,
   0
  ],
  [
   0,
   0,
   0,
   1,
   1,
   2,
   2,
   2,
   2,
   1,
   1,
   1,
   1,
   1,
   1,
   1,
   1,
   1,
   1,
   1,
   1,
   1,
   1,
   2,
   3,
   2,
   2,
   1,
   0,
   0,
   0
  ],
  [
   0,
   0,
   0,
   1,
   1,
   2,
   2,
   2,
   2,
   2,
   2,
   1,
   1,
   1,
   1,
   1,
   1,
   1,
   1,
   1,
   1,
   2,
   2,
   2,
   3,
   2,
   2,
   1,
   0,
   0,
   0
  ],
  [
   0,
   0,
   0,
   1,
   1,
   2,
   2,
   2,
   2,
   2,
   2,
   2,
   2,
   2,
   2,
   2,
   2,
   2,
   2,
   2,
   2,
   2,
   2,
   2,
   3,
   2,
   2,
   1,
   0,
   0,
   0
  ],
  [
   0,
   0,
   0,
   1,
   1,
   2,
   2,
   2,
   2,
   2,
   2,
   2,
   2,
   2,
   2,
   2,
   2,
   2,
   2,
   2,
   2,
   2,
   2,
   2,
   3,
   2,
   2,
   1,
   0,
   0,
   0
  ],
  [
   0,
   0,
   0,
   1,
   1,
   2,
   2,
   2,
   2,
   2,
   2,
   2,
   2,
   2,
   2,
   2,
   2,
   2,
   2,
   2,
   2,
   2,
   2,
   2,
   3,
   2,
   2,
   1,
   0,
   0,
   0
  ],
  [
   0,
   0,
   0,
   1,
   1,
   2,
   2,
   2,
   2,
   2,
   2,
   1,
   1,
   1,
   1,
   1,
   1,
   1,
   1,
   1,
   1,
   2,
   2,
   2,
   3,
   2,
   2,
   1,
   0,
   0,
   0
  ],
  [
   0,
   0,
   0,
   1,
   1,
   2,
   2,
   2,
   2,
   1,
   1,
   1,
   1,
   1,
   1,
   1,
   1,
   1,
   1,
   1,
   1,
   1,
   1,
   2,
   3,
   2,
   2,
   1,
   0,
   0,
   0
  ],
  [
   0,
   0,
   0,
   1,
   1,
   2,
   2,
   1,
   1,
   1,
   1,
   1,
   1,
   1,
   1,
   1,
   1,
   1,
   1,
   1,
   1,
   1,
   1,
   2,
   3,
   2,
   2,
   1,
   0,
   0,
   0
  ],
  [
   0,
   0,
   0,
   1,
   1,
   1,
   1,
   1,
   1,
   1,
   1,
   1,
   1,
   1,
   1,
   1,
   1,
   1,
   1,
   1,
   1,
   1,
   1,
   1,
   2,
   2,
   2,
   1,
   0,
   0,
   0
  ],
  [
   0,
   0,
   0,
   1,
   1,
   1,
   1,
   1,
   1,
   1,
   1,
   1,
   1,
   1,
   1,
   1,
   1,
   1,
   1,
   1,
   1,
   1,
   1,
   1,
   2,
   2,
   2,
   1,
   0,
   0,
   0
  ],
  [
   0,
   0,
   0,
   1,
   1,
   1,
   1,
   1,
   1,
   1,
   1,
   1,
   1,
   1,
   1,
   1,
   1,
   1,
   1,
   1,
   1,
   1,
   1,
   1,
   2,
   2,
   2,
   1,
   0,
   0,
   0
  ],
  [
   0,
   0,
   0,
   0,
   0,
   1,
   1,
   1,
   1,
   1,
   1,
   1,
   1,
   1,
   1,
   1,
   1,
   1,
   1,
   1,
   1,
   1,
   1,
   1,
   2,
   1,
   1,
   1,
   0,
   0,
   0
  ],
  [
   0,
   0,
   0,
   0,
   0,
   1,
   1,
   1,
   1,
   1,
   1,
   1,
   1,
   1,
   1,
   1,
   1,
   1,
   1,
   1,
   1,
   1,
   1,
   1,
   2,
   1,
   0,
   0,
   0,
   0,
   0
  ],
  [
   0,
   0,
   0,
   0,
   0,
   1,
   1,
   1,
   1,
   1,
   1,
   1,
   1,
   1,
   1,
   1,
   1,
   1,
   1,
   1,
   1,
   1,
   1,
   1,
   2,
   1,
   0,
   0,
   0,
   0,
   0
  ],
  [
   0,
   0,
   0,
   0,
   0,
   1,
   1,
   1,
   1,
   1,
   1,
   1,
   1,
   1,
   1,
   1,
   1,
   1,
   1,
   1,
   1,
   1,
   1,
   1,
   2,
   1,
   0,
   0,
   0,
   0,
   0
  ],
  [
   0,
   0,
   0,
   0,
   0,
   0,
   0,
   1,
   1,
   1,
   1,
   1,
   1,
   1,
   1,
   1,
   1,
   1,
   1,
   1,
   1,
   1,
   1,
   0,
   0,
   0,
   0,
   0,
   0,
   0,
   0
  ],
  [
   0,
   0,
   0,
   0,
   0,
   0,
   0,
   0,
   0,
   1,
   1,
   1,
   1,
   1,
   1,
   1,
   1,
   1,
   1,
   1,
   1,
   1,
   1,
   0,
   0,
   0,
   0,
   0,
   0,
   0,
   0
  ],
  [
   0,
   0,
   0,
   0,
   0,
   0,
   0,
   0,
   0,
   0,
   0,
   1,
   1,
   1,
   1,
   1,
   1,
   1,
   1,
   1,
   1,
   0,
   0,
   0,
   0,
   0,
   0,
   0,
   0,
   0,
   0
  ],
  [
   0,
   0,
   0,
   0,
   0,
   0,
   0,
   0,
   0,
   0,
   0,
   0,
   0,
   0,
   0,
   0,
   0,
   0,
   0,
   0,
   0,
   0,
   0,
   0,
   0,
   0,
   0,
   0,
   0,
   0,
   0
  ]
 ],