{
 "versionID": 12,
 "score": 520,
 "rating": "{1: 514, 2: 3}",
 "time": 0.427739,
 "time_all_attempts": 156.149455,
 "finished_attempts": 10000,
 "pcSize": "3x3",
 "inputMap_Name": "31x31_100Percent_InputMap.txt",
 "tdMap": [
  [
   0,
   0,
   0,
   0,
   0,
   0,
   0,
   0,
   0,
   0,
   0,
   0,
   0,
   0,
   0,
   0,
   0,
   0,
   0,
   0,
   0,
   0,
   0,
   0,
   0,
   0,
   0,
   0,
   0,
   0,
   0
  ],
  [
   0,
   0,
   0,
   0,
   0,
   0,
   0,
   0,
   0,
   0,
   0,
   0,
   0,
   0,
   0,
   0,
   0,
   0,
   0,
   0,
   0,
   0,
   0,
   0,
   0,
   0,
   0,
   0,
   0,
   0,
   0
  ],
  [
   0,
   0,
   0,
   0,
   0,
   0,
   0,
   0,
   1,
   1,
   1,
   1,
   1,
   1,
   1,
   1,
   1,
   1,
   1,
   1,
   1,
   1,
   1,
   0,
   0,
   0,
   0,
   0,
   0,
   0,
   0
  ],
  [
   0,
   0,
   0,
   0,
   0,
   0,
   0,
   0,
   1,
   1,
   1,
   1,
   1,
   1,
   1,
   1,
   1,
   1,
   1,
   1,
   1,
   1,
   1,
   0,
   0,
   0,
   0,
   0,
   0,
   0,
   0
  ],
  [
   0,
   0,
   0,
   0,
   0,
   0,
   0,
   0,
   1,
   1,
   1,
   1,
   1,
   1,
   1,
   1,
   1,
   1,
   1,
   1,
   1,
   1,
   1,
   0,
   0,
   0,
   0,
   0,
   0,
   0,
   0
  ],
  [
   0,
   0,
   0,
   0,
   0,
   1,
   1,
   1,
   1,
   1,
   1,
   1,
   1,
   1,
   1,
   1,
   1,
   1,
   1,
   1,
   1,
   1,
   1,
   1,
   1,
   1,
   0,
   0,
   0,
   0,
   0
  ],
  [
   0,
   0,
   0,
   0,
   0,
   1,
   1,
   1,
   1,
   1,
   1,
   1,
   1,
   1,
   1,
   1,
   1,
   1,
   1,
   1,
   1,
   1,
   1,
   1,
   1,
   1,
   0,
   0,
   0,
   0,
   0
  ],
  [
   0,
   0,
   0,
   0,
   0,
   1,
   1,
   1,
   1,
   1,
   1,
   1,
   1,
   1,
   1,
   1,
   1,
   1,
   1,
   1,
   1,
   1,
   1,
   1,
   1,
   1,
   0,
   0,
   0,
   0,
   0
  ],
  [
   0,
   0,
   0,
   1,
   1,
   1,
   1,
   1,
   1,
   1,
   1,
   1,
   1,
   1,
   1,
   1,
   1,
   1,
   1,
   1,
   1,
   1,
   1,
   1,
   1,
   1,
   1,
   0,
   0,
   0,
   0
  ],
  [
   0,
   0,
   0,
   1,
   1,
   1,
   1,
   1,
   1,
   1,
   1,
   1,
   1,
   1,
   1,
   1,
   1,
   1,
   1,
   1,
   1,
   1,
   1,
   1,
   1,
   1,
   1,
   0,
   0,
   0,
   0
  ],
  [
   0,
   0,
   0,
   1,
   1,
   1,
   1,
   1,
   1,
   1,
   1,
   1,
   1,
   1,
   1,
   1,
   1,
   1,
   1,
   1,
   1,
   1,
   1,
   1,
   1,
   1,
   1,
   1,
   1,
   1,
   0
  ],
  [
   0,
   0,
   0,
   1,
   1,
   1,
   1,
   1,
   1,
   1,
   1,
   1,
   1,
   1,
   1,
   1,
   1,
   1,
   1,
   1,
   1,
   1,
   1,
   1,
   1,
   1,
   1,
   1,
   1,
   1,
   0
  ],
  [
   0,
   0,
   0,
   1,
   1,
   1,
   1,
   1,
   1,
   1,
   1,
   1,
   1,
   1,
   1,
   1,
   1,
   1,
   1,
   1,
   1,
   1,
   1,
   1,
   1,
   1,
   1,
   2,
   2,
   2,
   0
  ],
  [
   0,
   0,
   0,
   1,
   1,
   1,
   1,
   1,
   1,
   1,
   1,
   1,
   1,
   1,
   1,
   1,
   1,
   1,
   1,
   1,
   1,
   1,
   1,
   1,
   1,
   1,
   1,
   1,
   1,
   1,
   0
  ],
  [
   0,
   0,
   0,
   1,
   1,
   1,
   1,
   1,
   1,
   1,
   1,
   1,
   1,
   1,
   1,
   1,
   1,
   1,
   1,
   1,
   1,
   1,
   1,
   1,
   1,
   1,
   1,
   1,
   1,
   1,
   0
  ],
  [
   0,
   0,
   0,
   1,
   1,
   1,
   1,
   1,
   1,
   1,
   1,
   1,
   1,
   1,
   1,
   1,
   1,
   1,
   1,
   1,
   1,
   1,
   1,
   1,
   1,
   1,
   1,
   1,
   1,
   1,
   0
  ],
  [
   0,
   0,
   0,
   1,
   1,
   1,
   1,
   1,
   1,
   1,
   1,
   1,
   1,
   1,
   1,
   1,
   1,
   1,
   1,
   1,
   1,
   1,
   1,
   1,
   1,
   1,
   1,
   1,
   1,
   1,
   0
  ],
  [
   0,
   0,
   0,
   1,
   1,
   1,
   1,
   1,
   1,
   1,
   1,
   1,
   1,
   1,
   1,
   1,
   1,
   1,
   1,
   1,
   1,
   1,
   1,
   1,
   1,
   1,
   1,
   1,
   1,
   1,
   0
  ],
  [
   0,
   0,
   0,
   1,
   1,
   1,
   1,
   1,
   1,
   1,
   1,
   1,
   1,
   1,
   1,
   1,
   1,
   1,
   1,
   1,
   1,
   1,
   1,
   1,
   1,
   1,
   1,
   1,
   1,
   1,
   0
  ],
  [
   0,
   0,
   0,
   1,
   1,
   1,
   1,
   1,
   1,
   1,
   1,
   1,
   1,
   1,
   1,
   1,
   1,
   1,
   1,
   1,
   1,
   1,
   1,
   1,
   1,
   1,
   1,
   1,
   1,
   1,
   0
  ],
  [
   0,
   0,
   1,
   1,
   1,
   1,
   1,
   1,
   1,
   1,
   1,
   1,
   1,
   1,
   1,
   1,
   1,
   1,
   1,
   1,
   1,
   1,
   1,
   1,
   1,
   1,
   1,
   2,
   2,
   1,
   0
  ],
  [
   0,
   0,
   1,
   1,
   1,
   1,
   1,
   1,
   1,
   1,
   1,
   1,
   1,
   1,
   1,
   1,
   1,
   1,
   1,
   1,
   1,
   1,
   1,
   1,
   1,
   1,
   1,
   1,
   1,
   0,
   0
  ],
  [
   0,
   0,
   1,
   1,
   1,
   1,
   1,
   1,
   1,
   1,
   1,
   1,
   1,
   1,
   1,
   1,
   1,
   1,
   1,
   1,
   1,
   1,
   1,
   1,
   1,
   1,
   1,
   1,
   1,
   0,
   0
  ],
  [
   0,
   0,
   0,
   0,
   1,
   1,
   2,
   1,
   1,
   1,
   1,
   1,
   1,
   1,
   1,
   1,
   1,
   1,
   1,
   1,
   1,
   1,
   1,
   1,
   1,
   1,
   1,
   0,
   0,
   0,
   0
  ],
  [
   0,
   0,
   0,
   0,
   1,
   1,
   2,
   1,
   1,
   1,
   1,
   1,
   1,
   1,
   1,
   1,
   1,
   1,
   1,
   1,
   1,
   1,
   1,
   1,
   1,
   1,
   1,
   0,
   0,
   0,
   0
  ],
  [
   0,
   0,
   0,
   0,
   1,
   1,
   2,
   1,
   1,
   1,
   1,
   1,
   1,
   1,
   1,
   1,
   1,
   1,
   1,
   1,
   1,
   1,
   1,
   1,
   1,
   1,
   1,
   0,
   0,
   0,
   0
  ],
  [
   0,
   0,
   0,
   0,
   0,
   0,
   0,
   0,
   1,
   1,
   1,
   1,
   1,
   1,
   1,
   1,
   1,
   1,
   1,
   1,
   1,
   1,
   1,
   0,
   0,
   0,
   0,
   0,
   0,
   0,
   0
  ],
  [
   0,
   0,
   0,
   0,
   0,
   0,
   0,
   0,
   1,
   1,
   1,
   1,
   1,
   1,
   1,
   1,
   1,
   1,
   1,
   1,
   1,
   1,
   1,
   0,
   0,
   0,
   0,
   0,
   0,
   0,
   0
  ],
  [
   0,
   0,
   0,
   0,
   0,
   0,
   0,
   0,
   1,
   1,
   1,
   1,
   1,
   1,
   1,
   1,
   1,
   1,
   1,
   1,
   1,
   1,
   1,
   0,
   0,
   0,
   0,
   0,
   0,
   0,
   0
  ],
  [
   0,
   0,
   0,
   0,
   0,
   0,
   0,
   0,
   0,
   0,
   0,
   0,
   0,
   0,
   0,
   0,
   0,
   0,
   0,
   0,
   0,
   0,
   0,
   0,
   0,
   0,
   0,
   0,
   0,
   0,
   0
  ],
  [
   0,
   0,
   0,
   0,
   0,
   0,
   0,
   0,
   0,
   0,
   0,
   0,
   0,
   0,
   0,
   0,
   0,
   0,
   0,
   0,
   0,
   0,
   0,
   0,
   0,
   0,
   0,
   0,
   0,
   0,
   0
  ]
 ],