{
 "versionID": 12,
 "score": 69,
 "rating": "{1: 69}",
 "time": 0.055624,
 "time_all_attempts": 26.726527,
 "finished_attempts": 10000,
 "pcSize": "3x3",
 "inputMap_Name": "15x15_100Percent_InputMap.txt",
 "tdMap": [
	[0, 0, 0, 0, 0, 0, 0, 0, 0, 0, 0, 0, 0, 0, 0],
  [0, 0, 0, 0, 0, 0, 0, 0, 0, 0, 0, 0, 0, 0, 0],
  [0, 0, 0, 0, 1, 1, 1, 1, 1, 1, 0, 0, 0, 0, 0],
  [0, 0, 0, 0, 1, 1, 1, 1, 1, 1, 1, 1, 1, 0, 0],
  [0, 0, 0, 0, 1, 1, 1, 1, 1, 1, 1, 1, 1, 0, 0],
  [0, 1, 1, 1, 1, 1, 1, 1, 1, 1, 1, 1, 1, 0, 0],
  [0, 1, 1, 1, 1, 1, 1, 1, 1, 1, 1, 1, 1, 0, 0],
  [0, 1, 1, 1, 1, 1, 1, 1, 1, 1, 1, 1, 1, 0, 0],
  [0, 1, 1, 1, 1, 1, 1, 1, 1, 1, 1, 1, 1, 0, 0],
  [0, 1, 1, 1, 1, 1, 1, 1, 1, 1, 1, 1, 1, 0, 0],
  [0, 1, 1, 1, 1, 1, 1, 1, 1, 1, 1, 1, 1, 0, 0],
  [0, 0, 0, 0, 1, 1, 1, 1, 1, 1, 1, 1, 1, 0, 0],
  [0, 0, 0, 0, 1, 1, 1, 1, 1, 1, 0, 0, 0, 0, 0],
  [0, 0, 0, 0, 1, 1, 1, 1, 1, 1, 0, 0, 0, 0, 0],
  [0, 0, 0, 0, 0, 0, 0, 0, 0, 0, 0, 0, 0, 0, 0]
],
 "tdLocations": [
	[0, 0, 0, 0, 0, 0, 0, 0, 0, 0, 0, 0, 0, 0, 0],
  [0, 0, 0, 0, 0, 0, 0, 0, 0, 0, 0, 0, 0, 0, 0],
  [0, 0, 0, 0, 1, 0, 0, 1, 0, 0, 0, 0, 0, 0, 0],
  [0, 0, 0, 0, 0, 0, 0, 0, 0, 0, 1, 0, 0, 0, 0],
  [0, 0, 0, 0, 0, 0, 0, 0, 0, 0, 0, 0, 0, 0, 0],
  [0, 1, 0, 0, 1, 0, 0, 1, 0, 0, 0, 0, 0, 0, 0],
  [0, 0, 0, 0, 0, 0, 0, 0, 0, 0, 1, 0, 0, 0, 0],
  [0, 0, 0, 0, 0, 0, 0, 0, 0, 0, 0, 0, 0, 0, 0],
  [0, 1, 0, 0, 1, 0, 0, 1, 0, 0, 0, 0, 0, 0, 0],
  [0, 0, 0, 0, 0, 0, 0, 0, 0, 0, 1, 0, 0, 0, 0],
  [0, 0, 0, 0, 0, 0, 0, 0, 0, 0, 0, 0, 0, 0, 0],
  [0, 0, 0, 0, 1, 0, 0, 1, 0, 0, 0, 0, 0, 0, 0],
  [0, 0, 0, 0, 0, 0, 0, 0, 0, 0, 0, 0, 0, 0, 0],
  [0, 0, 0, 0, 0, 0, 0, 0, 0, 0, 0, 0, 0, 0, 0],
  [0, 0, 0, 0, 0, 0, 0, 0, 0, 0, 0, 0, 0, 0, 0]
],
 "tdLocationsList": [
	[5, 7],
  [3, 10],
  [2, 7],
  [6, 10],
  [8, 7],
  [9, 10],
  [11, 7],
  [11, 4],
  [8, 4],
  [5, 4],
  [2, 4],
  [8, 1],
  [5, 1]
]
}
