{
 "versionID": 12,
 "score": 69,
 "rating": "{1: 69}",
 "time": 0.087094,
 "time_all_attempts": 27.453215,
 "finished_attempts": 10000,
 "pcSize": "star",
 "inputMap_Name": "15x15_100Percent_InputMap.txt",
 "tdMap": [
  [
   0,
   0,
   0,
   0,
   0,
   0,
   0,
   0,
   0,
   0,
   0,
   0,
   0,
   0,
   0
  ],
  [
   0,
   0,
   0,
   0,
   0,
   0,
   0,
   0,
   0,
   1,
   0,
   0,
   0,
   0,
   0
  ],
  [
   0,
   0,
   0,
   0,
   0,
   0,
   1,
   0,
   1,
   1,
   1,
   0,
   0,
   0,
   0
  ],
  [
   0,
   0,
   0,
   1,
   0,
   1,
   1,
   1,
   1,
   1,
   0,
   0,
   0,
   0,
   0
  ],
  [
   0,
   0,
   1,
   1,
   1,
   1,
   1,
   1,
   1,
   1,
   1,
   0,
   0,
   0,
   0
  ],
  [
   0,
   0,
   1,
   1,
   1,
   1,
   1,
   1,
   1,
   1,
   1,
   1,
   1,
   0,
   0
  ],
  [
   0,
   1,
   1,
   1,
   1,
   1,
   1,
   1,
   1,
   1,
   1,
   1,
   1,
   1,
   0
  ],
  [
   0,
   0,
   1,
   1,
   1,
   1,
   1,
   1,
   1,
   1,
   1,
   1,
   1,
   0,
   0
  ],
  [
   0,
   0,
   0,
   1,
   1,
   1,
   1,
   1,
   1,
   1,
   1,
   1,
   1,
   0,
   0
  ],
  [
   0,
   0,
   1,
   1,
   1,
   1,
   1,
   1,
   1,
   1,
   1,
   1,
   0,
   0,
   0
  ],
  [
   0,
   0,
   0,
   1,
   1,
   1,
   1,
   1,
   1,
   1,
   1,
   1,
   0,
   0,
   0
  ],
  [
   0,
   0,
   0,
   0,
   0,
   1,
   1,
   1,
   1,
   1,
   1,
   0,
   0,
   0,
   0
  ],
  [
   0,
   0,
   0,
   0,
   0,
   0,
   0,
   1,
   1,
   1,
   1,
   0,
   0,
   0,
   0
  ],
  [
   0,
   0,
   0,
   0,
   0,
   0,
   0,
   0,
   0,
   1,
   0,
   0,
   0,
   0,
   0
  ],
  [
   0,
   0,
   0,
   0,
   0,
   0,
   0,
   0,
   0,
   0,
   0,
   0,
   0,
   0,
   0
  ]
 ],
 "tdLocations": [
  [
   0,
   0,
   0,
   0,
   0,
   0,
   0,
   0,
   0,
   0,
   0,
   0,
   0,
   0,
   0
  ],
  [
   0,
   0,
   0,
   0,
   0,
   0,
   0,
   0,
   0,
   1,
   0,
   0,
   0,
   0,
   0
  ],
  [
   0,
   0,
   0,
   0,
   0,
   0,
   1,
   0,
   0,
   0,
   0,
   0,
   0,
   0,
   0
  ],
  [
   0,
   0,
   0,
   1,
   0,
   0,
   0,
   0,
   1,
   0,
   0,
   0,
   0,
   0,
   0
  ],
  [
   0,
   0,
   0,
   0,
   0,
   1,
   0,
   0,
   0,
   0,
   1,
   0,
   0,
   0,
   0
  ],
  [
   0,
   0,
   1,
   0,
   0,
   0,
   0,
   1,
   0,
   0,
   0,
   0,
   1,
   0,
   0
  ],
  [
   0,
   0,
   0,
   0,
   1,
   0,
   0,
   0,
   0,
   1,
   0,
   0,
   0,
   0,
   0
  ],
  [
   0,
   0,
   0,
   0,
   0,
   0,
   1,
   0,
   0,
   0,
   0,
   1,
   0,
   0,
   0
  ],
  [
   0,
   0,
   0,
   1,
   0,
   0,
   0,
   0,
   1,
   0,
   0,
   0,
   0,
   0,
   0
  ],
  [
   0,
   0,
   0,
   0,
   0,
   1,
   0,
   0,
   0,
   0,
   1,
   0,
   0,
   0,
   0
  ],
  [
   0,
   0,
   0,
   0,
   0,
   0,
   0,
   1,
   0,
   0,
   0,
   0,
   0,
   0,
   0
  ],
  [
   0,
   0,
   0,
   0,
   0,
   0,
   0,
   0,
   0,
   1,
   0,
   0,
   0,
   0,
   0
  ],
  [
   0,
   0,
   0,
   0,
   0,
   0,
   0,
   0,
   0,
   0,
   0,
   0,
   0,
   0,
   0
  ],
  [
   0,
   0,
   0,
   0,
   0,
   0,
   0,
   0,
   0,
   0,
   0,
   0,
   0,
   0,
   0
  ],
  [
   0,
   0,
   0,
   0,
   0,
   0,
   0,
   0,
   0,
   0,
   0,
   0,
   0,
   0,
   0
  ]
 ],
 "tdLocationsList": [
  [
   7,
   6
  ],
  [
   8,
   8
  ],
  [
   10,
   7
  ],
  [
   9,
   5
  ],
  [
   5,
   7
  ],
  [
   6,
   4
  ],
  [
   8,
   3
  ],
  [
   6,
   9
  ],
  [
   4,
   5
  ],
  [
   2,
   6
  ],
  [
   3,
   8
  ],
  [
   7,
   11
  ],
  [
   9,
   10
  ],
  [
   4,
   10
  ],
  [
   3,
   3
  ],
  [
   5,
   2
  ],
  [
   11,
   9
  ],
  [
   1,
   9
  ],
  [
   5,
   12
  ]
 ]
}
