{
 "versionID": 12,
 "score": 52,
 "rating": "{1: 48, 2: 2}",
 "time": 0.049954,
 "time_all_attempts": 38.22496,
 "finished_attempts": 10000,
 "pcSize": "star",
 "inputMap_Name": "15x15_Diagonal_Error_InputMap.txt",
 "tdMap": [
	[0, 0, 0, 0, 0, 0, 0, 0, 0, 0, 0, 0, 0, 0, 0],
  [0, 0, 0, 0, 0, 1, 0, 1, 1, 1, 0, 0, 0, 0, 0],
  [0, 0, 0, 0, 1, 1, 2, 2, 3, 2, 1, 0, 0, 0, 0],
  [0, 0, 0, 0, 0, 1, 1, 1, 1, 1, 1, 0, 0, 0, 0],
  [0, 0, 0, 0, 0, 1, 1, 1, 1, 1, 1, 1, 0, 0, 0],
  [0, 0, 0, 1, 0, 0, 1, 1, 1, 1, 1, 1, 0, 0, 0],
  [0, 0, 1, 1, 1, 1, 0, 0, 1, 1, 1, 1, 1, 0, 0],
  [0, 0, 1, 1, 1, 1, 1, 0, 1, 1, 1, 2, 0, 0, 0],
  [0, 1, 1, 1, 1, 1, 1, 0, 0, 1, 1, 1, 1, 0, 0],
  [0, 0, 1, 1, 1, 2, 1, 1, 1, 0, 0, 1, 0, 0, 0],
  [0, 0, 0, 0, 1, 1, 1, 1, 1, 1, 0, 0, 0, 0, 0],
  [0, 0, 0, 0, 1, 1, 1, 1, 1, 1, 0, 0, 0, 0, 0],
  [0, 0, 0, 0, 0, 1, 1, 1, 2, 1, 1, 0, 0, 0, 0],
  [0, 0, 0, 0, 0, 0, 0, 1, 0, 1, 0, 0, 0, 0, 0],
  [0, 0, 0, 0, 0, 0, 0, 0, 0, 0, 0, 0, 0, 0, 0]
],
 "tdLocations": [
	[0, 0, 0, 0, 0, 0, 0, 0, 0, 0, 0, 0, 0, 0, 0],
  [0, 0, 0, 0, 0, 1, 0, 1, 1, 1, 0, 0, 0, 0, 0],
  [0, 0, 0, 0, 0, 0, 0, 0, 0, 0, 0, 0, 0, 0, 0],
  [0, 0, 0, 0, 0, 0, 1, 0, 0, 0, 1, 0, 0, 0, 0],
  [0, 0, 0, 0, 0, 0, 0, 0, 1, 0, 0, 0, 0, 0, 0],
  [0, 0, 0, 1, 0, 0, 0, 0, 0, 0, 0, 1, 0, 0, 0],
  [0, 0, 0, 0, 0, 1, 0, 0, 0, 1, 0, 0, 0, 0, 0],
  [0, 0, 1, 0, 0, 0, 0, 0, 0, 0, 0, 1, 0, 0, 0],
  [0, 0, 0, 0, 1, 0, 1, 0, 0, 0, 0, 0, 0, 0, 0],
  [0, 0, 0, 0, 0, 0, 0, 0, 1, 0, 0, 0, 0, 0, 0],
  [0, 0, 0, 0, 0, 1, 0, 0, 0, 0, 0, 0, 0, 0, 0],
  [0, 0, 0, 0, 0, 0, 0, 1, 0, 1, 0, 0, 0, 0, 0],
  [0, 0, 0, 0, 0, 0, 0, 0, 0, 0, 0, 0, 0, 0, 0],
  [0, 0, 0, 0, 0, 0, 0, 0, 0, 0, 0, 0, 0, 0, 0],
  [0, 0, 0, 0, 0, 0, 0, 0, 0, 0, 0, 0, 0, 0, 0]
],
 "tdLocationsList": [
	[4, 8],
  [1, 8],
  [3, 6],
  [3, 10],
  [1, 5],
  [1, 7],
  [1, 9],
  [6, 9],
  [7, 11],
  [5, 11],
  [8, 4],
  [6, 5],
  [8, 6],
  [5, 3],
  [10, 5],
  [7, 2],
  [9, 8],
  [11, 9],
  [11, 7]
]
}
