{
 "versionID": 12,
 "score": 609,
 "rating": "{1: 319, 2: 141, 3: 2}",
 "time": 0.472185,
 "time_all_attempts": 132.718292,
 "finished_attempts": 10000,
 "pcSize": "4x4",
 "inputMap_Name": "31x31_Diagonal_Error_InputMap.txt",
 "tdMap": [
  [
   0,
   0,
   0,
   0,
   0,
   0,
   0,
   0,
   0,
   0,
   0,
   0,
   0,
   0,
   0,
   0,
   0,
   0,
   0,
   0,
   0,
   0,
   0,
   0,
   0,
   0,
   0,
   0,
   0,
   0,
   0
  ],
  [
   0,
   0,
   0,
   0,
   0,
   0,
   0,
   0,
   0,
   0,
   0,
   1,
   1,
   1,
   1,
   0,
   0,
   0,
   0,
   0,
   0,
   0,
   0,
   0,
   0,
   0,
   0,
   0,
   0,
   0,
   0
  ],
  [
   0,
   0,
   0,
   0,
   0,
   0,
   0,
   0,
   0,
   0,
   0,
   1,
   1,
   1,
   1,
   1,
   1,
   1,
   1,
   1,
   1,
   1,
   1,
   0,
   0,
   0,
   0,
   0,
   0,
   0,
   0
  ],
  [
   0,
   0,
   0,
   0,
   0,
   0,
   0,
   1,
   1,
   1,
   1,
   1,
   1,
   1,
   1,
   1,
   1,
   1,
   1,
   1,
   1,
   1,
   1,
   0,
   0,
   0,
   0,
   0,
   0,
   0,
   0
  ],
  [
   0,
   0,
   0,
   0,
   0,
   0,
   0,
   1,
   1,
   1,
   1,
   1,
   1,
   1,
   1,
   1,
   1,
   1,
   1,
   1,
   1,
   1,
   1,
   0,
   0,
   0,
   0,
   0,
   0,
   0,
   0
  ],
  [
   0,
   0,
   0,
   0,
   0,
   0,
   0,
   1,
   1,
   2,
   2,
   1,
   1,
   1,
   1,
   2,
   2,
   1,
   1,
   1,
   1,
   1,
   1,
   1,
   1,
   1,
   1,
   0,
   0,
   0,
   0
  ],
  [
   0,
   0,
   0,
   0,
   0,
   0,
   0,
   1,
   1,
   2,
   2,
   1,
   1,
   1,
   1,
   1,
   1,
   1,
   1,
   1,
   1,
   1,
   1,
   2,
   2,
   1,
   1,
   0,
   0,
   0,
   0
  ],
  [
   0,
   0,
   0,
   1,
   1,
   1,
   1,
   0,
   0,
   1,
   1,
   2,
   2,
   2,
   2,
   1,
   1,
   1,
   1,
   1,
   1,
   1,
   1,
   2,
   2,
   1,
   1,
   0,
   0,
   0,
   0
  ],
  [
   0,
   0,
   0,
   1,
   1,
   1,
   1,
   0,
   0,
   1,
   1,
   2,
   2,
   2,
   2,
   1,
   1,
   1,
   1,
   1,
   1,
   1,
   1,
   2,
   2,
   1,
   1,
   0,
   0,
   0,
   0
  ],
  [
   0,
   0,
   0,
   1,
   2,
   2,
   2,
   1,
   0,
   0,
   0,
   1,
   1,
   2,
   2,
   1,
   1,
   1,
   1,
   1,
   1,
   1,
   1,
   1,
   1,
   1,
   1,
   1,
   1,
   0,
   0
  ],
  [
   0,
   0,
   0,
   1,
   2,
   2,
   3,
   2,
   1,
   1,
   0,
   1,
   1,
   2,
   2,
   2,
   2,
   1,
   1,
   1,
   1,
   1,
   1,
   1,
   1,
   2,
   2,
   1,
   1,
   0,
   0
  ],
  [
   0,
   0,
   1,
   1,
   2,
   2,
   2,
   2,
   1,
   1,
   0,
   0,
   0,
   1,
   1,
   2,
   2,
   1,
   1,
   1,
   1,
   1,
   1,
   1,
   1,
   2,
   2,
   1,
   1,
   0,
   0
  ],
  [
   0,
   0,
   1,
   1,
   2,
   2,
   2,
   2,
   2,
   2,
   1,
   1,
   0,
   1,
   1,
   2,
   3,
   2,
   2,
   2,
   1,
   1,
   1,
   1,
   1,
   2,
   2,
   1,
   1,
   0,
   0
  ],
  [
   0,
   0,
   1,
   1,
   1,
   1,
   1,
   1,
   2,
   2,
   1,
   1,
   0,
   0,
   0,
   1,
   2,
   2,
   2,
   2,
   1,
   1,
   1,
   1,
   1,
   1,
   2,
   1,
   1,
   1,
   0
  ],
  [
   0,
   0,
   1,
   1,
   2,
   2,
   1,
   1,
   1,
   1,
   2,
   2,
   1,
   1,
   0,
   0,
   1,
   1,
   2,
   2,
   1,
   1,
   1,
   1,
   1,
   1,
   1,
   1,
   1,
   1,
   0
  ],
  [
   0,
   1,
   1,
   1,
   2,
   1,
   1,
   1,
   1,
   1,
   2,
   2,
   1,
   1,
   0,
   0,
   1,
   1,
   2,
   2,
   1,
   1,
   1,
   1,
   1,
   1,
   1,
   1,
   1,
   1,
   0
  ],
  [
   0,
   1,
   1,
   1,
   2,
   1,
   1,
   1,
   1,
   1,
   2,
   2,
   2,
   2,
   1,
   1,
   0,
   0,
   1,
   1,
   2,
   2,
   2,
   2,
   1,
   1,
   2,
   2,
   2,
   2,
   0
  ],
  [
   0,
   1,
   1,
   1,
   2,
   1,
   1,
   1,
   1,
   1,
   2,
   2,
   2,
   2,
   1,
   1,
   0,
   0,
   1,
   1,
   2,
   2,
   2,
   2,
   1,
   1,
   1,
   1,
   1,
   1,
   0
  ],
  [
   0,
   1,
   1,
   1,
   2,
   1,
   1,
   1,
   1,
   1,
   1,
   1,
   1,
   1,
   2,
   2,
   1,
   1,
   0,
   0,
   1,
   1,
   2,
   2,
   1,
   1,
   1,
   1,
   1,
   1,
   0
  ],
  [
   0,
   0,
   1,
   1,
   2,
   2,
   1,
   1,
   1,
   1,
   1,
   1,
   1,
   1,
   2,
   2,
   1,
   1,
   0,
   0,
   1,
   1,
   2,
   2,
   1,
   1,
   1,
   1,
   1,
   1,
   0
  ],
  [
   0,
   0,
   1,
   1,
   2,
   2,
   2,
   2,
   1,
   1,
   1,
   1,
   1,
   1,
   1,
   1,
   2,
   2,
   1,
   1,
   0,
   0,
   1,
   1,
   2,
   2,
   1,
   1,
   0,
   0,
   0
  ],
  [
   0,
   0,
   1,
   1,
   2,
   2,
   2,
   2,
   1,
   1,
   1,
   1,
   1,
   1,
   1,
   1,
   2,
   2,
   1,
   1,
   0,
   0,
   1,
   1,
   2,
   2,
   1,
   1,
   0,
   0,
   0
  ],
  [
   0,
   0,
   1,
   1,
   1,
   1,
   1,
   1,
   1,
   1,
   1,
   1,
   1,
   1,
   1,
   1,
   2,
   2,
   2,
   2,
   1,
   1,
   0,
   0,
   1,
   1,
   1,
   1,
   0,
   0,
   0
  ],
  [
   0,
   0,
   0,
   0,
   0,
   1,
   2,
   2,
   2,
   1,
   1,
   1,
   1,
   1,
   1,
   1,
   2,
   2,
   2,
   2,
   1,
   1,
   0,
   0,
   1,
   1,
   1,
   1,
   0,
   0,
   0
  ],
  [
   0,
   0,
   0,
   0,
   0,
   1,
   1,
   1,
   1,
   1,
   1,
   1,
   1,
   1,
   2,
   2,
   2,
   1,
   1,
   1,
   2,
   2,
   1,
   1,
   0,
   0,
   0,
   0,
   0,
   0,
   0
  ],
  [
   0,
   0,
   0,
   0,
   0,
   1,
   1,
   1,
   1,
   1,
   1,
   1,
   1,
   1,
   2,
   2,
   2,
   1,
   1,
   1,
   2,
   2,
   1,
   1,
   0,
   0,
   0,
   0,
   0,
   0,
   0
  ],
  [
   0,
   0,
   0,
   0,
   0,
   1,
   1,
   1,
   1,
   1,
   1,
   1,
   1,
   1,
   1,
   1,
   1,
   1,
   1,
   1,
   2,
   1,
   1,
   1,
   0,
   0,
   0,
   0,
   0,
   0,
   0
  ],
  [
   0,
   0,
   0,
   0,
   0,
   0,
   0,
   0,
   0,
   1,
   1,
   1,
   1,
   1,
   1,
   1,
   1,
   1,
   1,
   1,
   2,
   1,
   1,
   1,
   0,
   0,
   0,
   0,
   0,
   0,
   0
  ],
  [
   0,
   0,
   0,
   0,
   0,
   0,
   0,
   0,
   0,
   0,
   0,
   0,
   0,
   0,
   0,
   0,
   0,
   1,
   1,
   1,
   1,
   0,
   0,
   0,
   0,
   0,
   0,
   0,
   0,
   0,
   0
  ],
  [
   0,
   0,
   0,
   0,
   0,
   0,
   0,
   0,
   0,
   0,
   0,
   0,
   0,
   0,
   0,
   0,
   0,
   1,
   1,
   1,
   1,
   0,
   0,
   0,
   0,
   0,
   0,
   0,
   0,
   0,
   0
  ],
  [
   0,
   0,
   0,
   0,
   0,
   0,
   0,
   0,
   0,
   0,
   0,
   0,
   0,
   0,
   0,
   0,
   0,
   0,
   0,
   0,
   0,
   0,
   0,
   0,
   0,
   0,
   0,
   0,
   0,
   0,
   0
  ]
 ],