{
 "versionID": 12,
 "score": 74,
 "rating": "{1: 56, 2: 9}",
 "time": 0.04049,
 "time_all_attempts": 32.654102,
 "finished_attempts": 10000,
 "pcSize": "star",
 "inputMap_Name": "15x15_Mod4_Error_InputMap.txt",
 "tdMap": [
  [
   0,
   0,
   0,
   0,
   0,
   0,
   0,
   0,
   0,
   0,
   0,
   0,
   0,
   0,
   0
  ],
  [
   0,
   0,
   0,
   0,
   0,
   1,
   0,
   1,
   1,
   0,
   0,
   0,
   0,
   0,
   0
  ],
  [
   0,
   0,
   0,
   0,
   1,
   1,
   2,
   2,
   2,
   1,
   1,
   0,
   0,
   0,
   0
  ],
  [
   0,
   0,
   0,
   0,
   0,
   1,
   1,
   1,
   1,
   1,
   1,
   1,
   0,
   0,
   0
  ],
  [
   0,
   0,
   0,
   1,
   0,
   1,
   1,
   1,
   0,
   1,
   1,
   0,
   0,
   0,
   0
  ],
  [
   0,
   0,
   1,
   1,
   1,
   1,
   1,
   1,
   1,
   1,
   1,
   1,
   0,
   0,
   0
  ],
  [
   0,
   0,
   0,
   2,
   1,
   1,
   2,
   1,
   1,
   2,
   1,
   1,
   1,
   0,
   0
  ],
  [
   0,
   0,
   1,
   1,
   1,
   1,
   1,
   1,
   1,
   1,
   1,
   1,
   0,
   0,
   0
  ],
  [
   0,
   0,
   1,
   1,
   0,
   1,
   2,
   1,
   0,
   1,
   1,
   1,
   0,
   0,
   0
  ],
  [
   0,
   1,
   1,
   1,
   1,
   1,
   2,
   1,
   1,
   1,
   2,
   2,
   1,
   0,
   0
  ],
  [
   0,
   0,
   1,
   1,
   1,
   1,
   2,
   1,
   1,
   1,
   2,
   1,
   0,
   0,
   0
  ],
  [
   0,
   0,
   0,
   0,
   1,
   1,
   1,
   1,
   1,
   1,
   1,
   1,
   0,
   0,
   0
  ],
  [
   0,
   0,
   0,
   0,
   0,
   0,
   1,
   0,
   0,
   0,
   1,
   0,
   0,
   0,
   0
  ],
  [
   0,
   0,
   0,
   0,
   0,
   0,
   0,
   0,
   0,
   0,
   0,
   0,
   0,
   0,
   0
  ],
  [
   0,
   0,
   0,
   0,
   0,
   0,
   0,
   0,
   0,
   0,
   0,
   0,
   0,
   0,
   0
  ]
 ],
 "tdLocations": [
  [
   0,
   0,
   0,
   0,
   0,
   0,
   0,
   0,
   0,
   0,
   0,
   0,
   0,
   0,
   0
  ],
  [
   0,
   0,
   0,
   0,
   0,
   1,
   0,
   1,
   1,
   0,
   0,
   0,
   0,
   0,
   0
  ],
  [
   0,
   0,
   0,
   0,
   0,
   0,
   0,
   0,
   0,
   0,
   1,
   0,
   0,
   0,
   0
  ],
  [
   0,
   0,
   0,
   0,
   0,
   0,
   1,
   0,
   0,
   0,
   0,
   0,
   0,
   0,
   0
  ],
  [
   0,
   0,
   0,
   1,
   0,
   0,
   0,
   0,
   0,
   1,
   0,
   0,
   0,
   0,
   0
  ],
  [
   0,
   0,
   0,
   0,
   0,
   1,
   0,
   1,
   0,
   0,
   0,
   1,
   0,
   0,
   0
  ],
  [
   0,
   0,
   0,
   1,
   0,
   0,
   0,
   0,
   0,
   1,
   0,
   0,
   0,
   0,
   0
  ],
  [
   0,
   0,
   0,
   0,
   0,
   0,
   1,
   0,
   0,
   0,
   0,
   0,
   0,
   0,
   0
  ],
  [
   0,
   0,
   1,
   0,
   0,
   0,
   1,
   0,
   0,
   0,
   1,
   1,
   0,
   0,
   0
  ],
  [
   0,
   0,
   0,
   0,
   1,
   0,
   0,
   0,
   1,
   0,
   0,
   0,
   0,
   0,
   0
  ],
  [
   0,
   0,
   0,
   0,
   0,
   0,
   1,
   0,
   0,
   0,
   1,
   0,
   0,
   0,
   0
  ],
  [
   0,
   0,
   0,
   0,
   0,
   0,
   0,
   0,
   0,
   0,
   0,
   0,
   0,
   0,
   0
  ],
  [
   0,
   0,
   0,
   0,
   0,
   0,
   0,
   0,
   0,
   0,
   0,
   0,
   0,
   0,
   0
  ],
  [
   0,
   0,
   0,
   0,
   0,
   0,
   0,
   0,
   0,
   0,
   0,
   0,
   0,
   0,
   0
  ],
  [
   0,
   0,
   0,
   0,
   0,
   0,
   0,
   0,
   0,
   0,
   0,
   0,
   0,
   0,
   0
  ]
 ],
 "tdLocationsList": [
  [
   7,
   6
  ],
  [
   5,
   7
  ],
  [
   5,
   5
  ],
  [
   3,
   6
  ],
  [
   6,
   9
  ],
  [
   4,
   9
  ],
  [
   4,
   3
  ],
  [
   6,
   3
  ],
  [
   9,
   8
  ],
  [
   8,
   6
  ],
  [
   10,
   6
  ],
  [
   1,
   5
  ],
  [
   5,
   11
  ],
  [
   10,
   10
  ],
  [
   8,
   10
  ],
  [
   8,
   11
  ],
  [
   9,
   4
  ],
  [
   1,
   8
  ],
  [
   1,
   7
  ],
  [
   2,
   10
  ],
  [
   8,
   2
  ]
 ]
}
